{"cameraMode":{"drawMode":0,"name":"Shaded","section":"Shading Mode"},"sceneLighting":true,"audioPlay":false,"sceneViewState":{"showFog":false,"showMaterialUpdate":false,"showSkybox":false,"showFlares":false,"showImageEffects":false,"showParticleSystems":true},"in2DMode":false,"pivot":{"x":316.60601806640627,"y":1363.5068359375,"z":214.97068786621095},"rotation":{"x":0.12555061280727387,"y":-0.08176083862781525,"z":0.010352577082812786,"w":0.9886784553527832},"size":4470.53564453125,"orthographic":false}