{"cameraMode":{"drawMode":0,"name":"Shaded","section":"Shading Mode"},"sceneLighting":false,"audioPlay":false,"sceneViewState":{"showFog":false,"showMaterialUpdate":false,"showSkybox":false,"showFlares":false,"showImageEffects":false,"showParticleSystems":true},"in2DMode":false,"pivot":{"x":-0.557479977607727,"y":0.15012173354625703,"z":0.5},"rotation":{"x":0.0015443585580214859,"y":-0.5358517169952393,"z":0.0009437837870791554,"w":0.8443328738212586},"size":1.3296892642974854,"orthographic":false}