{"cameraMode":{"drawMode":0,"name":"Shaded","section":"Shading Mode"},"sceneLighting":false,"audioPlay":false,"sceneViewState":{"showFog":false,"showMaterialUpdate":false,"showSkybox":false,"showFlares":false,"showImageEffects":false,"showParticleSystems":true},"in2DMode":false,"pivot":{"x":0.04005928337574005,"y":0.1416625827550888,"z":-0.22116699814796449},"rotation":{"x":-0.08670315891504288,"y":-0.06540890038013458,"z":0.005702743772417307,"w":-0.9940730929374695},"size":0.09389818459749222,"orthographic":true}